customer_id,age,income,location_distance,persona,preferred_time,join_date,lifetime_value,churn_risk,email_opt_in,app_user,recency,frequency,total_spend,segment
1,70,132665,7.342999764172414,social_butterfly,evening,2023-11-08 12:15:50.731301,4433.059209826648,0.8143484768155471,True,True,3,140,979.3844564549988,New
2,60,104563,6.000401675647084,budget_minded,morning,2024-05-27 12:15:50.731661,3816.135650896813,0.49841477370448006,True,True,0,158,1082.945787606444,New
3,32,139524,7.09120480974209,coffee_enthusiast,afternoon,2023-09-18 12:15:50.731688,3325.376568005009,0.30859359976587974,True,True,0,175,1219.9495911948995,Champions
4,19,84842,5.230274375920198,sporadic,morning,2023-09-22 12:15:50.731712,3589.824449121198,0.36729453841095483,False,True,2,158,1042.366078417369,New
5,36,133652,3.22903587059884,health_conscious,afternoon,2024-09-02 12:15:50.731734,4259.269579501014,0.928431083683519,True,False,1,174,1171.8067156229372,Champions
6,51,57057,3.7676647909224257,social_butterfly,afternoon,2024-02-01 12:15:50.731756,1729.3429316781521,0.667631790439729,True,True,2,154,1026.1424703084747,New
7,45,136296,1.199333025767441,coffee_enthusiast,evening,2024-06-06 12:15:50.731777,1613.1161367305824,0.29400133358516156,True,True,0,166,1109.9207494377504,Loyal
8,68,116869,9.59219573976553,budget_minded,morning,2025-02-25 12:15:50.731798,4259.147918771491,0.395377662301869,False,True,0,140,964.0290223172916,New
9,65,101241,4.6310124938073844,coffee_enthusiast,evening,2025-06-15 12:15:50.731818,2512.3274700847855,0.23002928381463184,True,False,2,143,900.0010626385118,New
10,20,32935,6.162186918165628,budget_minded,afternoon,2024-12-26 12:15:50.731839,1629.056431630545,0.025588013093623352,False,True,7,149,1019.2341956739954,New
11,55,34437,9.939134030756495,convenience_driven,evening,2024-09-27 12:15:50.731860,1991.0014021772474,0.9759791836879768,True,True,0,130,827.6077955934481,New
12,50,81043,5.85359003283472,budget_minded,morning,2025-03-09 12:15:50.731880,1615.7032271167313,0.7647622546705526,True,True,0,158,1110.3130698405953,New
13,25,51498,7.65395326501174,sporadic,evening,2024-12-13 12:15:50.731901,3482.5234545972276,0.6736973669336707,True,True,1,176,1237.8519602682,Champions
14,48,59279,5.306712695917213,sporadic,morning,2024-04-15 12:15:50.731922,73.58524658914723,0.5147594184968717,True,True,0,166,1163.018028728155,Champions
15,18,137696,9.7728848511838,social_butterfly,morning,2023-11-12 12:15:50.731951,4104.032743315902,0.2638312197287892,True,True,1,165,1142.573240398419,Champions
16,57,123406,9.03742960262348,health_conscious,morning,2025-03-31 12:15:50.731976,3995.9989812829303,0.9492455912881599,True,False,2,155,1035.7096403815497,New
17,49,63720,4.882287106753896,health_conscious,evening,2024-07-12 12:15:50.731999,2908.7207239133427,0.4821428229852067,False,False,0,157,1049.7113862293938,New
18,71,34490,5.6227539854801325,convenience_driven,evening,2024-01-29 12:15:50.732021,3406.4958139704786,0.44856864504557725,True,True,1,151,1013.9686221205778,New
19,31,57037,8.073964872929905,sporadic,afternoon,2025-03-06 12:15:50.732044,2706.27672417281,0.7167521514476473,True,False,0,147,1043.8996249089246,New
20,57,73290,5.686782804681648,sporadic,evening,2024-06-26 12:15:50.732066,1270.6432876429826,0.5575876579283979,False,True,1,156,1031.934874991887,New
21,60,93151,3.781693495869369,budget_minded,evening,2024-11-24 12:15:50.732088,333.67095848631055,0.7107834383198517,True,True,1,164,1090.2949654584327,Loyal
22,21,108095,5.281464435183289,convenience_driven,afternoon,2025-02-19 12:15:50.732108,4092.2309015318438,0.8454843821775133,True,False,2,152,1043.146283630097,New
23,64,101449,9.139228049155195,sporadic,afternoon,2023-12-10 12:15:50.732128,2069.9390345147635,0.9734372671669232,True,False,10,155,962.0984136616358,At Risk
24,51,55172,4.977988135008762,social_butterfly,evening,2023-09-14 12:15:50.732153,4314.979458854007,0.6426624484299692,True,False,0,176,1184.1476760015546,Champions
25,65,88934,6.156986588045536,coffee_enthusiast,afternoon,2025-03-07 12:15:50.732174,1593.2066709366652,0.24986153477585626,True,True,0,170,1248.6108166173374,Champions
26,19,137323,3.9653045016462873,convenience_driven,morning,2024-08-31 12:15:50.732193,2147.958676519151,0.632570500192264,True,True,4,152,1074.1774873747195,New
27,29,131311,8.151865563743288,budget_minded,afternoon,2024-08-19 12:15:50.732214,4276.838195158138,0.7920378665291303,True,True,0,154,988.2562325455958,New
28,57,36671,3.2084616167643087,coffee_enthusiast,evening,2024-07-02 12:15:50.732233,3052.416112887569,0.8311841942079438,True,False,0,174,1282.2968421473631,Champions
29,57,146084,7.722060409470004,health_conscious,morning,2025-08-28 12:15:50.732253,413.3642514220882,0.8649359556761669,True,True,0,165,1160.9934093385953,Champions
30,62,97925,5.794176749559207,health_conscious,evening,2024-08-16 12:15:50.732273,4518.506712726082,0.11409491718802212,True,True,6,156,1046.023177925297,New
31,35,34355,1.3628762713744154,social_butterfly,afternoon,2025-08-01 12:15:50.732293,4584.341393871027,0.8241197270566257,True,True,0,151,1040.2138787887777,New
32,65,121829,4.089909486815838,convenience_driven,evening,2024-05-13 12:15:50.732314,4076.790889292243,0.8770723553233796,True,True,0,148,1020.9544065732662,New
33,41,133866,6.893362798776216,social_butterfly,morning,2024-11-30 12:15:50.732334,232.14698402748786,0.6909171594646936,True,False,0,158,1103.852059050724,New
34,58,133289,1.3710201691760606,sporadic,evening,2023-10-11 12:15:50.732354,3896.274892018823,0.5188370198738409,True,True,0,178,1223.3942534484106,Champions
35,42,125945,3.7080141674838627,social_butterfly,evening,2024-04-14 12:15:50.732376,2854.558846955204,0.2747527305782642,False,True,0,164,1159.7651022165728,Champions
36,51,39529,8.367871455507983,coffee_enthusiast,evening,2024-09-20 12:15:50.732395,1870.8662194512772,0.8793682950778785,True,True,0,180,1242.8422441976718,Champions
37,55,83307,4.585726109604099,budget_minded,evening,2024-12-03 12:15:50.732417,1107.6444958681163,0.03426334182197266,False,True,1,145,1021.8697701553912,New
38,43,138318,6.776422646429193,budget_minded,evening,2025-08-23 12:15:50.732437,693.5878481842333,0.03812833316392783,True,True,1,147,1062.67395799339,New
39,63,108359,3.927277556253538,sporadic,evening,2025-03-22 12:15:50.732457,1656.3330503493598,0.5467957416387372,True,True,5,149,980.5676304418864,New
40,42,138512,3.814327817596426,sporadic,afternoon,2025-07-06 12:15:50.732476,2481.816638254187,0.3879709790868814,False,True,1,177,1238.7482801131707,Champions
41,63,140666,0.16754639023025789,social_butterfly,evening,2024-02-25 12:15:50.732496,1206.8214040336961,0.9425353345680384,True,False,2,154,999.1312176542273,New
42,68,52598,5.122099554260214,convenience_driven,evening,2024-07-09 12:15:50.732522,2277.071010817498,0.8410681643683888,True,False,1,160,1048.4632605656855,Regular
43,35,126502,6.526223462758168,sporadic,afternoon,2025-03-16 12:15:50.732552,1804.0421444942622,0.7562457688846786,True,False,4,160,1076.2930817272836,New
44,33,122386,8.174768892799037,health_conscious,evening,2025-09-03 12:15:50.732575,1001.710331959569,0.6019576072680216,True,True,5,133,974.8053524857153,New
45,20,54047,4.464675667212936,budget_minded,evening,2023-12-26 12:15:50.732607,1500.9527646963386,0.7902248828402494,True,True,0,150,1023.57256444319,New
46,60,49358,9.00050768145101,budget_minded,morning,2024-11-24 12:15:50.732629,1768.9168926024306,0.538223001550098,True,True,5,146,939.9309533069426,New
47,46,59427,6.440994213884635,social_butterfly,afternoon,2025-02-21 12:15:50.732651,465.136113998948,0.4314242775055743,True,False,1,178,1224.3707493105114,Champions
48,41,32599,5.309580662726349,coffee_enthusiast,morning,2025-06-12 12:15:50.732673,1176.074282686168,0.40736805173878143,True,True,3,166,1159.6553236280715,Loyal
49,42,135357,7.76452489713701,budget_minded,evening,2024-06-16 12:15:50.732695,80.8961801719125,0.09729754622101172,True,True,0,146,1006.356492912486,New
50,23,29190,2.362347924049879,sporadic,morning,2025-01-31 12:15:50.732716,4567.623930507066,0.4164462943508386,False,False,3,151,1084.1489303105693,New
51,62,45543,8.383305221990915,coffee_enthusiast,evening,2024-03-29 12:15:50.732738,3503.605513643466,0.8479559283901048,True,False,5,175,1236.5678223211228,New
52,70,89211,9.645755351051147,budget_minded,afternoon,2025-08-03 12:15:50.732760,4788.927046424625,0.5065512525490257,True,True,0,160,1059.434869829297,Regular
53,65,60547,9.22409693734172,social_butterfly,afternoon,2024-05-07 12:15:50.732782,692.821451390536,0.06975507202229847,True,True,0,126,862.4121888599584,New
54,60,109707,4.488644623500244,sporadic,evening,2025-02-19 12:15:50.732803,1887.5248289048175,0.04521992202188019,True,True,9,149,1058.4106655022263,New
55,54,122568,7.935618493865344,convenience_driven,morning,2025-04-08 12:15:50.732822,2481.4896788473707,0.9093261842412463,True,True,0,168,1121.3392828650296,Champions
56,29,26759,3.235495024210601,coffee_enthusiast,morning,2024-09-24 12:15:50.732842,3289.13514513128,0.3869633431622437,True,False,11,167,1127.829024928957,New
57,47,101122,4.373327826314582,coffee_enthusiast,evening,2023-11-16 12:15:50.732861,2170.1972098727447,0.7805743762289905,False,False,3,153,999.0690475582086,At Risk
58,21,90605,4.648480269448843,budget_minded,morning,2023-10-21 12:15:50.732880,3705.549741882262,0.4757216432958664,True,True,0,169,1194.4749747496878,Champions
59,74,105922,5.24538902234903,coffee_enthusiast,morning,2024-11-09 12:15:50.732900,4110.729949895887,0.9581490621177985,True,True,1,183,1255.5460187964177,Champions
60,50,66087,1.014566774659207,convenience_driven,evening,2025-03-17 12:15:50.732921,2682.4990683989818,0.43684761691041263,True,False,5,165,1222.560109162673,New
61,62,25989,2.6709251105606358,social_butterfly,afternoon,2023-11-22 12:15:50.732943,3812.3163382049097,0.4786201576774055,False,False,0,161,1123.8748437222284,Regular
62,63,119939,3.264413069243735,budget_minded,evening,2024-01-11 12:15:50.732965,2247.236858475409,0.5501811674842831,False,True,4,163,1055.9659597768177,New
63,20,56257,1.713643253401642,convenience_driven,morning,2024-09-13 12:15:50.732987,513.0815357026108,0.71363096256385,True,True,3,135,948.4226133289994,New
64,67,117151,7.564764238788103,social_butterfly,morning,2024-04-16 12:15:50.733009,1488.8558668693934,0.31045809594544427,True,True,1,182,1226.232573957367,Champions
65,24,143890,1.639458690957554,sporadic,afternoon,2024-04-25 12:15:50.733031,3867.8366705504222,0.09416389119661617,True,True,0,182,1261.1749236286666,Champions
66,24,26611,4.4547117976470005,social_butterfly,afternoon,2024-07-20 12:15:50.733053,3425.4844927707704,0.713540689698329,True,False,0,149,1027.9204994322292,New
67,51,141641,2.4622784051818822,health_conscious,afternoon,2023-12-28 12:15:50.733075,1628.448881188533,0.8727889167367074,True,True,1,177,1215.052737498266,Champions
68,56,76998,7.853139849531359,social_butterfly,morning,2025-08-20 12:15:50.733097,313.6323670142138,0.3629729234917306,False,False,11,151,989.1020100792676,At Risk
69,22,128792,7.930226293753721,coffee_enthusiast,morning,2024-07-15 12:15:50.733119,2009.0675736551884,0.0061416445176323275,True,True,4,135,919.8856599575956,New
70,41,100877,6.125429358285134,budget_minded,afternoon,2025-07-16 12:15:50.733141,3453.283593633424,0.47594446624471376,True,False,0,159,1054.728303434962,Regular
71,52,146323,4.728868225001532,health_conscious,afternoon,2024-11-08 12:15:50.733163,4244.190740807833,0.01300662373250805,True,True,1,168,1107.039134966788,Loyal
72,46,118777,7.020327663943772,convenience_driven,afternoon,2024-07-21 12:15:50.733187,1573.6777515724068,0.015732505248800988,True,True,6,149,1057.423393067419,New
73,26,42897,3.2627130241954605,sporadic,afternoon,2024-12-22 12:15:50.733209,4641.7968639838455,0.7479943776392368,True,False,0,152,1143.8788881938094,New
74,34,101886,5.440360066798762,budget_minded,evening,2025-04-03 12:15:50.733231,2628.082304088269,0.4792309864940789,True,True,0,165,1198.786103810359,Champions
75,28,116873,8.52862899019343,sporadic,evening,2025-06-09 12:15:50.733253,2168.225755550943,0.005935421432419874,False,True,0,174,1217.4334068392118,Champions
76,37,100647,6.012986809813151,social_butterfly,morning,2024-04-27 12:15:50.733275,2853.718029244116,0.9232287232456533,True,True,0,170,1238.3402494741188,Champions
77,51,64991,5.908639416467583,convenience_driven,morning,2023-10-27 12:15:50.733297,926.9108665674688,0.7693990353970068,True,False,2,157,1117.065246093645,New
78,32,50552,9.736103181594947,social_butterfly,morning,2025-04-24 12:15:50.733320,4768.462496313976,0.27993722402402943,True,True,0,161,1078.1223203739835,New
79,62,47753,1.1924994192530634,health_conscious,evening,2025-07-05 12:15:50.733342,3912.267082630116,0.37264057146912255,True,True,2,136,935.0287655127604,New
80,54,138314,0.9525042006820076,convenience_driven,evening,2025-08-23 12:15:50.733364,404.5876986371818,0.7755326710714963,True,True,0,151,1090.4847123201607,New
81,65,28247,0.7444438626379726,budget_minded,morning,2024-03-16 12:15:50.733386,286.55690996602726,0.6433767952200236,False,False,1,176,1186.8647757437427,Champions
82,60,57816,2.1413115336791435,social_butterfly,evening,2025-03-22 12:15:50.733408,4266.885531694618,0.5151294990716816,True,False,0,162,1151.2174915925427,Regular
83,18,28688,0.28098325178001526,social_butterfly,evening,2024-06-27 12:15:50.733430,4916.00984571672,0.3262773320399214,True,True,5,141,1004.1528248911944,New
84,49,112185,9.559068722704195,convenience_driven,afternoon,2023-12-06 12:15:50.733452,1499.1549247051612,0.8961537944009009,True,False,1,161,1146.434119000939,Regular
85,64,44314,2.0531522719713085,budget_minded,afternoon,2024-02-29 12:15:50.733474,645.5974124729615,0.6345283115887925,True,False,0,156,1072.3591467809392,New
86,50,149154,5.191123982715748,budget_minded,evening,2024-03-31 12:15:50.733496,3867.61092150203,0.32816890398502396,True,False,0,160,1115.3684156208,New
87,70,100541,0.8092760816167245,convenience_driven,afternoon,2024-03-06 12:15:50.733518,4157.848017411249,0.13371975475586906,True,False,1,160,1076.4080781325777,New
88,41,133193,6.52210170701579,social_butterfly,afternoon,2024-01-13 12:15:50.733540,4248.985814461714,0.2822172230366272,True,True,1,155,1118.5712243447374,New
89,55,25171,7.702411257975664,sporadic,morning,2024-10-02 12:15:50.733562,1540.1771415991018,0.11159472943259419,True,False,3,144,1011.0416763637874,New
90,40,38556,4.196349025708752,sporadic,evening,2025-04-10 12:15:50.733584,1514.7544291825823,0.516370627972914,False,True,2,165,1111.6611524635093,Regular
91,71,93115,8.458111929136074,sporadic,morning,2025-04-15 12:15:50.733606,3225.057818256869,0.7533105170054375,True,True,1,167,1209.5440176807192,Champions
92,31,46495,1.0717742726662087,sporadic,morning,2024-04-06 12:15:50.733630,721.4899536281372,0.5435690899522996,False,True,1,151,1069.6504691745045,New
93,44,123500,5.8127116199772315,health_conscious,morning,2023-09-22 12:15:50.733652,522.0008987339138,0.4625951870732947,True,False,0,157,1007.1034432349903,New
94,68,145047,3.0980127136635693,health_conscious,evening,2024-08-27 12:15:50.733674,1631.0986596798261,0.9282846730270594,True,True,1,167,1112.62489479847,Loyal
95,44,59666,7.864933103391313,social_butterfly,evening,2024-07-01 12:15:50.733696,3674.7877574066506,0.8845723831554069,False,True,2,159,1143.0128834531415,Regular
96,52,84493,4.645158125040402,social_butterfly,afternoon,2025-01-26 12:15:50.733718,1977.6604126885902,0.5613438006612348,True,False,0,145,982.2789039027513,New
97,19,142090,7.428757413038646,budget_minded,morning,2025-05-11 12:15:50.733740,3701.6409598805035,0.14267488115955218,True,True,2,180,1239.4884143891309,Champions
98,37,74905,5.612557191615659,coffee_enthusiast,afternoon,2024-02-24 12:15:50.733762,468.95568364122596,0.2333273261805492,True,True,2,164,1084.7321822596361,Regular
99,50,132882,4.58406525207173,social_butterfly,afternoon,2025-08-10 12:15:50.733783,3900.265777375004,0.4428407542620084,True,False,0,158,1085.9553379771887,New
100,28,118529,1.4975813567245968,coffee_enthusiast,evening,2023-10-27 12:15:50.733806,3459.4618891674277,0.8831009843183105,False,False,0,167,1071.7619914354016,Loyal
101,49,65638,9.798973495575428,social_butterfly,morning,2025-03-27 12:15:50.733827,4189.749168125648,0.43807611194930585,True,True,0,159,1107.192557439276,New
102,27,33784,1.731043023404766,social_butterfly,afternoon,2024-07-21 12:15:50.733849,3608.85904100357,0.8460494377617687,True,False,0,183,1163.6663820770152,Champions
103,55,65132,3.189113283723018,budget_minded,evening,2023-11-11 12:15:50.733871,745.2818347148365,0.9168913288443693,False,False,1,202,1386.2957086003953,Champions
104,69,69445,0.11308589095290905,social_butterfly,morning,2025-05-31 12:15:50.733893,1296.531217309876,0.046910759228444676,True,True,0,181,1294.8222424832911,Champions
105,73,124667,7.15623812863788,sporadic,evening,2024-03-14 12:15:50.733915,3501.5542985800494,0.9465166968045521,False,True,4,150,949.9343202339347,At Risk
106,74,104587,9.128394472026923,budget_minded,evening,2024-09-15 12:15:50.733937,1017.5149956399832,0.10300477100745442,True,True,3,168,1129.1129886774893,Loyal
107,23,63192,1.8085302630442144,budget_minded,afternoon,2024-07-26 12:15:50.733959,1567.2145426728632,0.5340388526576586,True,True,1,139,929.543638042479,New
108,23,65314,4.114136291378921,social_butterfly,morning,2023-11-15 12:15:50.733981,4468.384070620323,0.593633215434599,False,False,0,148,1027.9874348417654,New
109,63,99874,7.769263524209058,health_conscious,evening,2024-09-29 12:15:50.734003,2050.4136780397725,0.0703709974591954,True,True,3,173,1042.1113867678505,New
110,48,89446,6.717704502757191,coffee_enthusiast,evening,2024-11-16 12:15:50.734025,1928.663820836126,0.20559247384625878,False,False,0,148,1024.1560602050301,New
111,54,125897,0.9681228014985501,social_butterfly,afternoon,2025-04-24 12:15:50.734047,2381.260634812412,0.06802980973586725,True,True,2,143,947.3379480457551,New
112,57,38057,6.621845296051918,health_conscious,afternoon,2025-08-19 12:15:50.734070,1598.6394063320329,0.19466997707389666,False,True,2,152,1081.1750678184246,New
113,23,55138,6.088371973384964,health_conscious,evening,2024-11-23 12:15:50.734092,663.2184375618435,0.046806362088856246,False,False,0,177,1256.7989677469945,Champions
114,32,81407,3.229408346832592,health_conscious,morning,2023-12-06 12:15:50.734114,4987.154119874348,0.9293230923293542,True,False,1,150,1003.9199033155156,New
115,50,43230,2.110749442175417,social_butterfly,afternoon,2023-12-16 12:15:50.734137,3248.1775702961736,0.03758524749983583,True,False,1,144,932.620566021492,New
116,59,49221,3.927199965717896,sporadic,evening,2023-09-15 12:15:50.734158,2816.8667474549397,0.42969412523910455,True,False,3,167,1193.0708030439778,Loyal
117,60,90909,8.866903295894065,sporadic,evening,2025-02-05 12:15:50.734187,3158.9124827667265,0.7009840434760142,True,True,5,166,1130.7972066442455,New
118,69,131394,5.218544595362431,social_butterfly,morning,2025-07-23 12:15:50.734209,2151.155479983981,0.10397447007639982,True,True,0,158,1093.7995283109085,New
119,67,32709,3.6425988611943074,social_butterfly,evening,2024-08-31 12:15:50.734231,3928.3576984888523,0.40278604366455883,True,False,3,133,868.4306732465386,New
120,64,65183,1.7399310459151995,coffee_enthusiast,evening,2024-01-15 12:15:50.734253,53.828898159535896,0.84162986547056,True,False,0,159,1069.739946693681,Regular
121,31,61962,6.024733450028189,convenience_driven,evening,2023-12-21 12:15:50.734276,3440.0313712894667,0.8899370559097629,False,True,1,145,1047.3970869648633,New
122,19,84000,5.035362039506167,convenience_driven,evening,2025-04-30 12:15:50.734298,1921.1815903010058,0.9261072306466808,True,False,0,149,1033.0990051356864,New
123,33,54582,5.000491946954157,sporadic,afternoon,2023-12-14 12:15:50.734320,3991.04939303493,0.908883097313567,True,True,3,161,1109.0230471783502,New
124,72,142103,1.7498288015973822,sporadic,morning,2023-09-19 12:15:50.734342,1700.0157492551448,0.41473691092836273,True,False,0,151,986.3903405569066,New
125,30,111108,7.750706478462475,social_butterfly,afternoon,2024-09-16 12:15:50.734366,347.8563885338491,0.7151885673483769,False,True,13,148,907.4880866503782,New
126,27,141971,8.467948156998228,coffee_enthusiast,morning,2024-10-17 12:15:50.734388,544.7903837762924,0.11962985940017856,False,True,0,164,1092.1922505153184,Loyal
127,21,122730,5.592152564808699,health_conscious,afternoon,2023-12-02 12:15:50.734410,2508.3966274594095,0.4071802926932704,True,False,2,182,1197.1789698911646,Champions
128,25,101215,7.626605377453837,social_butterfly,afternoon,2025-05-13 12:15:50.734432,3870.510677380294,0.6219092998642396,False,True,4,161,1101.1377242381411,New
129,71,106420,7.038751855597117,coffee_enthusiast,morning,2024-05-11 12:15:50.734454,2495.137224157639,0.6506950751723872,False,True,0,162,1068.780283560695,Regular
130,32,111432,0.41446610565471576,sporadic,morning,2024-04-16 12:15:50.734476,3046.514011295437,0.2923546430405133,True,False,0,163,1150.7880232540504,Regular
131,32,85008,3.718357511876749,coffee_enthusiast,morning,2024-05-10 12:15:50.734498,3494.6450721888036,0.8583221847809087,True,False,3,160,1201.6111294670632,Loyal
132,32,48905,6.484345421093275,social_butterfly,evening,2025-04-07 12:15:50.734520,1658.864117624888,0.860534585196188,False,True,0,165,1144.8838634793983,Champions
133,24,134030,6.776909882915151,social_butterfly,morning,2023-09-22 12:15:50.734542,3590.5091527836817,0.48260003292611997,True,True,2,160,1125.0114782972707,Regular
134,38,113381,8.309076765036771,health_conscious,morning,2024-11-20 12:15:50.734564,1009.0438876238807,0.09464510581947372,True,True,1,144,1086.088817615832,New
135,33,94569,1.873715218161683,health_conscious,morning,2025-01-18 12:15:50.734593,3068.802886976559,0.8108949923508028,True,False,0,161,1089.5912339138538,New
136,58,120722,0.7674190272644205,health_conscious,evening,2025-01-03 12:15:50.734615,583.5665494802017,0.18006535953313962,True,False,0,141,918.9500308653413,New
137,50,58143,7.7053893447724215,coffee_enthusiast,morning,2025-06-16 12:15:50.734640,3688.907216281298,0.7779762515790039,False,True,2,150,1027.4747050085784,New
138,32,74373,6.440523426039232,social_butterfly,morning,2024-11-10 12:15:50.734662,4891.975989324219,0.08646486592827485,True,True,1,185,1257.297990105071,Champions
139,24,53248,0.8712056321044473,budget_minded,evening,2025-05-06 12:15:50.734684,4059.548366163227,0.823389892988174,True,True,3,173,1130.3036099225792,Loyal
140,20,104168,0.1696081826217776,budget_minded,evening,2025-07-18 12:15:50.734706,2232.3116744703125,0.44092887811740056,False,True,3,136,920.8192904528366,New
141,70,141291,3.870612530359645,social_butterfly,evening,2024-10-29 12:15:50.734728,3949.8260857015134,0.5759548266320168,True,True,1,165,1113.6677449776485,Loyal
142,48,109378,3.6400903475146924,coffee_enthusiast,morning,2025-04-17 12:15:50.734750,1165.5416579844025,0.10946690569632656,True,False,1,156,1096.7720225475464,New
143,32,121656,4.94547115734729,coffee_enthusiast,afternoon,2024-09-11 12:15:50.734771,4193.545981987666,0.46743282128837815,False,False,5,138,983.5643647885927,New
144,62,35340,1.6750143734937706,health_conscious,afternoon,2024-02-11 12:15:50.734793,369.93208795599196,0.19104239298324766,True,True,4,147,1047.4512240063777,New
145,52,149515,6.02129511229863,health_conscious,afternoon,2023-12-07 12:15:50.734815,286.2881134443146,0.1790775604095446,True,True,3,187,1309.352548999199,Loyal
146,59,64543,3.394324773960389,convenience_driven,afternoon,2024-05-18 12:15:50.734837,4353.684120336008,0.13950749325153422,True,True,3,133,909.5275904777108,New
147,35,45198,9.6679878717074,convenience_driven,evening,2024-06-23 12:15:50.734859,1645.0361175395676,0.5008139746350293,True,True,2,153,1117.1592966572375,New
148,43,53309,1.78641911188347,coffee_enthusiast,afternoon,2025-02-14 12:15:50.734881,449.1791257093307,0.7029068613109504,True,False,4,165,1132.3464161522284,New
149,44,116829,6.397604250334728,convenience_driven,afternoon,2024-12-16 12:15:50.734903,2384.0274867557337,0.08752219006220763,True,False,8,163,1158.6813384419943,New
150,66,40756,0.2520682912547973,coffee_enthusiast,evening,2024-06-18 12:15:50.734925,3800.44148413317,0.6929932433637959,True,True,0,136,902.8043058910059,New
151,69,78444,8.60899587969292,coffee_enthusiast,morning,2024-01-09 12:15:50.734947,1301.2703595955602,0.06674836944941331,False,True,0,166,1103.1295395303864,Loyal
152,33,98654,5.956518873668581,coffee_enthusiast,evening,2024-07-04 12:15:50.734971,3320.0322881007137,0.5377402866034197,False,True,1,156,1039.4605210806553,New
153,49,141990,0.2800663316964339,budget_minded,morning,2025-04-22 12:15:50.734993,2044.0783253639866,0.08494232200061624,True,True,2,152,1064.1245103559027,New
154,43,97531,0.2194330962256587,coffee_enthusiast,morning,2024-07-14 12:15:50.735015,4402.3875318247865,0.362773055772308,True,False,0,151,1070.2696026798035,New
155,54,30793,5.540052423384464,health_conscious,evening,2024-09-02 12:15:50.735036,4911.098032960131,0.22060957466561493,True,False,3,166,1121.892388219237,Loyal
156,21,50442,1.688962654216232,convenience_driven,afternoon,2025-01-01 12:15:50.735058,852.2149430097292,0.30856285849161147,True,True,1,168,1075.5827039509445,Loyal
157,68,38108,0.5287640389636061,social_butterfly,evening,2024-05-29 12:15:50.735080,3537.411143254418,0.5492407055154608,False,True,3,142,974.1716139818338,New
158,48,81217,9.808618175074205,health_conscious,evening,2024-07-04 12:15:50.735102,2153.7988361365624,0.42419953619224593,False,False,1,149,1026.1459694831274,New
159,62,140573,5.402996064329417,budget_minded,morning,2024-07-15 12:15:50.735124,723.1587258748809,0.604916887947157,False,True,0,137,1000.4736518922773,New
160,40,70915,5.600979080080564,coffee_enthusiast,afternoon,2024-01-11 12:15:50.735146,1552.3141715805425,0.5883308972152046,True,True,0,197,1330.4800840314567,Champions
161,58,111990,5.508128900850807,health_conscious,evening,2025-03-19 12:15:50.735168,1944.6678604494114,0.3998062165694356,True,False,2,150,1044.3986344226337,New
162,27,50214,7.220848837076583,sporadic,evening,2025-03-21 12:15:50.735190,1942.5679820096086,0.42276736622673605,False,True,0,170,1217.5879814404543,Champions
163,56,96913,6.22926992902359,coffee_enthusiast,afternoon,2024-01-02 12:15:50.735211,274.7084199783568,0.9677724438294889,True,True,1,157,1039.9591208997463,Regular
164,69,98354,6.234940606934419,budget_minded,afternoon,2024-11-22 12:15:50.735233,2153.0232531619017,0.019039404866354803,False,False,1,159,1149.797295453779,Regular
165,73,63077,0.816358884217583,coffee_enthusiast,evening,2025-03-04 12:15:50.735255,1266.4756826650353,0.4517418810813457,True,False,1,142,960.5983338172871,New
166,42,131411,4.946335885427954,coffee_enthusiast,afternoon,2025-03-19 12:15:50.735277,1560.012868925708,0.18373083344419405,True,True,2,154,1029.5745215741767,New
167,61,112022,5.04970255657212,social_butterfly,evening,2023-11-24 12:15:50.735299,3602.1819080880996,0.8699308600710574,True,True,3,138,907.6642751246293,New
168,24,137709,6.474926538221553,sporadic,evening,2023-11-30 12:15:50.735321,3355.95366672133,0.5837812111963437,True,True,2,183,1363.3744774845034,Champions
169,50,93599,8.425517473502067,social_butterfly,morning,2024-09-09 12:15:50.735343,3701.21812479154,0.058225628366920024,False,True,3,182,1227.8955674954257,Loyal
170,73,32644,0.6484594281877584,social_butterfly,evening,2024-01-10 12:15:50.735364,187.6579798795396,0.8520839434026968,True,True,0,167,1046.166420433453,New
171,34,33619,2.2555717679250855,sporadic,morning,2024-01-08 12:15:50.735386,2839.889181392001,0.7256560145432068,True,True,0,137,934.8324222976627,New
172,27,93224,4.172522671537319,sporadic,evening,2024-01-02 12:15:50.735408,2714.6046455682263,0.288984200319386,True,True,2,146,985.3168051658942,New
173,53,57037,2.894892160863855,sporadic,evening,2025-01-04 12:15:50.735430,3531.291984424832,0.9215056433664527,False,True,1,148,1037.355851634681,New
174,54,141615,6.177311983606573,budget_minded,evening,2023-11-01 12:15:50.735453,4704.479347373689,0.7030646773216241,True,True,0,157,1087.0505382277347,New
175,63,101942,6.042493695364854,convenience_driven,morning,2023-12-20 12:15:50.735475,367.03470810052295,0.11356923431498,False,True,0,163,1132.4770599870283,Regular
176,50,122868,9.059535433465244,budget_minded,evening,2024-05-24 12:15:50.735502,1235.9791866362843,0.737203958603658,True,True,1,181,1270.0925966920768,Champions
177,53,133185,9.067428520395541,health_conscious,morning,2024-09-14 12:15:50.735524,1227.2279107709514,0.5593659685212551,True,True,5,155,1089.4061395896765,New
178,72,115485,8.30593731368593,social_butterfly,afternoon,2024-07-12 12:15:50.735546,2073.1857764005517,0.20434518723993844,True,False,0,152,1036.891244589247,New
179,51,66974,3.194782937649357,budget_minded,morning,2023-12-30 12:15:50.735568,3442.74913261741,0.7579079794854594,True,True,3,166,1127.2023609956966,Loyal
180,35,60846,0.21720708386807205,sporadic,morning,2024-12-23 12:15:50.735589,1558.9263284100873,0.5702126555392966,False,True,0,143,970.1042140766701,New
181,52,142839,8.506117645654413,coffee_enthusiast,afternoon,2025-08-27 12:15:50.735611,1064.2786870325244,0.64151430711205,True,True,5,157,1131.2254207392757,New
182,56,40307,8.302986990274796,coffee_enthusiast,morning,2024-02-10 12:15:50.735633,3910.0456454519704,0.5310072411965975,False,True,14,154,1008.4636927424871,At Risk
183,51,98630,3.7625944354761556,coffee_enthusiast,afternoon,2024-05-09 12:15:50.735655,4886.82729461121,0.5659721297811354,False,True,2,163,1209.3874445128292,Champions
184,57,131943,7.433077180239916,social_butterfly,evening,2023-11-09 12:15:50.735687,3493.817742549741,0.728228598480658,True,True,2,165,1051.0807952315877,New
185,23,36922,4.924878932261577,budget_minded,morning,2023-11-09 12:15:50.735712,833.1836025618665,0.08978316374536932,True,True,2,173,1097.2041133757916,New
186,32,44768,8.518049255770842,social_butterfly,afternoon,2024-01-17 12:15:50.735734,4600.606528209207,0.2619139520509518,True,False,9,156,1076.4634069864007,New
187,47,33472,6.557680861295521,budget_minded,afternoon,2024-02-24 12:15:50.735755,446.40723906003814,0.6878178571742378,True,True,1,162,1132.625876746166,Regular
188,32,54947,1.6234450562326228,convenience_driven,evening,2025-07-15 12:15:50.735777,2649.3552789375485,0.2887188960974393,False,True,3,153,1073.4688049457118,New
189,69,111903,3.798164467376032,budget_minded,morning,2024-11-14 12:15:50.735799,4507.709158726953,0.8547165970671137,True,False,1,157,1009.7133874507656,New
190,53,89064,5.002753168766852,sporadic,evening,2024-09-18 12:15:50.735821,2255.6491477780064,0.97726954278896,True,True,0,184,1275.1022584908853,Champions
191,33,142223,2.1487256235381476,sporadic,afternoon,2024-08-06 12:15:50.735843,148.856385631959,0.4906926661051343,True,True,0,161,1145.0933134904726,Regular
192,47,53331,4.2253574511403205,health_conscious,evening,2023-09-13 12:15:50.735869,2866.3585896577733,0.9569916166863423,True,False,0,175,1243.8366932098145,Champions
193,58,100365,9.996972826627582,sporadic,afternoon,2024-12-15 12:15:50.735891,645.5547212905326,0.9879887993894846,True,True,0,162,1067.4373197694915,Regular
194,32,108415,2.985923179354203,health_conscious,afternoon,2025-08-18 12:15:50.735913,3264.8132019872387,0.7692497871861639,False,True,3,168,1185.85668681943,Loyal
195,18,142214,4.609278428944116,sporadic,afternoon,2024-01-04 12:15:50.735934,3236.106149552131,0.6097511441541802,True,True,4,179,1250.5140297857674,New
196,21,65671,9.904896607178685,sporadic,morning,2024-07-01 12:15:50.735956,1602.9407032337544,0.19956364273311855,True,True,1,169,1152.765685660246,Champions
197,53,105513,4.6516084779597,budget_minded,afternoon,2025-07-02 12:15:50.735978,4570.917002993811,0.36129029512859545,False,False,4,149,1051.6199356585187,New
198,35,45631,6.761835731531361,health_conscious,afternoon,2024-08-21 12:15:50.735999,4934.31615016929,0.8396360918386022,True,True,3,142,1005.6791276549316,New
199,22,93711,5.322480223261601,coffee_enthusiast,morning,2024-11-03 12:15:50.736021,2874.258742213699,0.45415793785209435,True,True,1,143,1005.9894842188805,New
200,39,64545,3.1726827171579752,budget_minded,morning,2025-08-11 12:15:50.736043,2102.0665225116973,0.2696561837762992,True,False,4,161,1074.5161412808154,New
201,31,76315,1.2983314410607523,sporadic,evening,2025-01-31 12:15:50.736064,4035.3098315777756,0.1170829175149315,True,False,0,147,1002.4870029537519,New
202,46,138088,3.016827427584214,coffee_enthusiast,afternoon,2024-09-30 12:15:50.736086,2524.7185932934867,0.989823577326071,False,False,1,172,1199.2575469355793,Champions
203,54,53369,2.207537294689807,convenience_driven,afternoon,2024-11-05 12:15:50.736108,4482.609153790823,0.9240452409955664,False,False,0,133,906.7384698644835,New
204,18,132535,4.887619647147902,social_butterfly,afternoon,2025-05-29 12:15:50.736130,1283.875080865553,0.7621839212787802,False,False,1,162,1030.5900553931074,Regular
205,61,39923,1.3246287539621375,social_butterfly,morning,2024-09-28 12:15:50.736152,2953.9523807225546,0.6998607167810457,True,True,0,163,1112.574773453307,Loyal
206,51,30931,0.15033873143029708,coffee_enthusiast,morning,2025-03-13 12:15:50.736173,801.5259473665966,0.1079092243981078,True,True,3,139,936.5282232761256,New
207,36,51148,1.666627031762974,budget_minded,morning,2023-11-24 12:15:50.736195,3552.6718334932348,0.6695601864858471,True,True,2,170,1228.189710251287,Champions
208,56,45901,1.7414895715443182,convenience_driven,afternoon,2024-09-20 12:15:50.736217,576.135253973362,0.7267788564232276,True,True,4,173,1160.4417854846615,New
209,67,129512,4.625470009003323,health_conscious,afternoon,2024-01-12 12:15:50.736239,271.48407610653567,0.7928419582467131,False,False,0,157,1033.9996093413968,Regular
210,38,59596,3.691931370870219,social_butterfly,evening,2025-02-15 12:15:50.736261,666.6851593346989,0.9662116459558989,True,False,0,182,1235.2495241070687,Champions
211,55,119263,9.846582000119392,social_butterfly,morning,2024-08-03 12:15:50.736283,4947.605566163105,0.8814570151552537,True,True,1,147,1005.3258013089867,New
212,37,72598,4.392988246155377,sporadic,evening,2025-02-27 12:15:50.736305,330.79466551968403,0.9843351912464972,False,False,2,145,952.705478396122,New
213,66,107370,7.359184431698299,health_conscious,morning,2025-01-11 12:15:50.736326,1208.721737726473,0.9690247024280277,False,True,0,158,1067.5895555946806,Regular
214,70,83899,5.39155415951668,coffee_enthusiast,morning,2023-10-21 12:15:50.736348,2548.227213677157,0.28612791213088773,False,True,1,171,1168.1703188216775,Champions
215,62,131482,0.25313827329966193,social_butterfly,morning,2024-02-01 12:15:50.736370,1983.021761689412,0.8708068783062393,False,True,2,152,1053.8793393674114,New
216,25,95414,9.521116146509856,sporadic,evening,2024-10-19 12:15:50.736391,4057.5370578436355,0.030558565669750015,True,True,0,183,1239.507265491436,Champions
217,47,128528,2.239598943453426,convenience_driven,morning,2024-01-07 12:15:50.736413,601.6755200911997,0.7142252632918518,True,True,3,143,916.1451405807624,New
218,35,74330,2.993299401817687,social_butterfly,afternoon,2024-11-16 12:15:50.736435,1178.726369600884,0.45923743915974125,True,True,1,150,988.2605601113646,New
219,48,112101,4.243024254339199,budget_minded,afternoon,2024-10-21 12:15:50.736457,4044.9411995472637,0.7496496887174182,True,True,3,159,1087.8985930859337,New
220,60,44065,3.365558783131904,convenience_driven,evening,2025-04-28 12:15:50.736478,1448.9666209750696,0.7917869117509151,False,True,2,168,1075.4628448428825,Regular
221,20,96614,5.207780541325561,coffee_enthusiast,evening,2024-03-03 12:15:50.736500,3585.341879451103,0.7313014911553744,True,True,2,183,1332.894309920902,Champions
222,46,56385,9.835433219082534,sporadic,evening,2024-04-25 12:15:50.736522,670.5884603259464,0.6730026454600678,True,True,1,186,1321.214533291912,Champions
223,35,120563,4.933047601600801,budget_minded,evening,2024-03-14 12:15:50.736544,4728.933456859283,0.9620421861858479,True,True,0,136,886.5818537145775,New
224,37,65238,3.9353087627850303,budget_minded,evening,2024-10-29 12:15:50.736565,2576.910495778983,0.716751587638832,True,True,5,152,1110.5831838103877,New
225,33,108148,2.4010044428822455,social_butterfly,evening,2024-10-13 12:15:50.736587,1552.7671746125675,0.9060959457764326,False,False,1,174,1149.869491843138,Champions
226,47,31088,3.2999511631596286,social_butterfly,afternoon,2025-05-16 12:15:50.736609,1268.4653122723512,0.7028009221282899,False,True,0,150,1035.2871186611817,New
227,44,126715,0.6095586055646788,health_conscious,morning,2023-12-23 12:15:50.736630,1365.0225739459252,0.4277840445445473,True,False,3,145,997.9973513044475,New
228,45,46075,4.575959488474242,coffee_enthusiast,evening,2024-09-09 12:15:50.736652,1056.8744086863958,0.40929202818956023,False,False,0,149,1134.2179220762832,New
229,55,42577,8.643004470063575,health_conscious,morning,2025-05-23 12:15:50.736674,1223.293991456108,0.17093410299828427,True,True,0,153,1021.0604153796666,New
230,65,27940,1.5890696566943445,social_butterfly,evening,2025-07-22 12:15:50.736696,3094.693585128062,0.6401942238245978,True,True,0,137,903.2972671794985,New
231,40,145492,0.6026260353359435,social_butterfly,evening,2024-12-30 12:15:50.736718,3826.0093430429733,0.7006718599527826,True,True,0,151,1124.047820401774,New
232,58,107963,5.805454417688666,budget_minded,evening,2024-08-31 12:15:50.736746,2787.420110493393,0.1291996097982846,True,True,6,148,979.6178031895435,New
233,62,72398,4.200247127976177,coffee_enthusiast,afternoon,2024-11-18 12:15:50.736775,383.2384793430741,0.8440789356628882,True,True,6,184,1226.7189254039292,New
234,21,78593,0.27390028351323864,coffee_enthusiast,afternoon,2025-02-02 12:15:50.736799,2760.747712331839,0.641517275075782,True,True,0,158,1085.0096871122148,New
235,58,131244,8.386787546477303,health_conscious,evening,2024-10-03 12:15:50.736821,3524.9713072148734,0.7114067682820281,True,False,0,153,1097.523349901596,New
236,48,112046,0.7823685739109166,social_butterfly,afternoon,2023-11-03 12:15:50.736843,4965.754431917714,0.6238895150568584,True,True,0,144,944.1042597068601,New
237,65,26401,5.0116843451175805,coffee_enthusiast,morning,2025-01-02 12:15:50.736865,1541.0811674223912,0.5720344023479634,False,False,0,146,938.3041602796802,New
238,24,125048,9.147656753269526,sporadic,afternoon,2025-02-22 12:15:50.736886,3999.505683741943,0.2042379687321103,True,False,1,161,1153.5826426198066,Regular
239,18,89155,0.11189419115054867,budget_minded,morning,2025-07-05 12:15:50.736911,328.7506923524763,0.8552498017221019,True,True,0,147,986.4821524028871,New
240,57,138849,6.939149517961087,convenience_driven,afternoon,2025-03-08 12:15:50.736936,2853.625835986849,0.29526180279907877,False,False,4,175,1166.2706033097052,New
241,45,73395,3.468878705394935,budget_minded,evening,2025-03-04 12:15:50.736957,649.3402427375433,0.1607605804868839,False,False,0,150,976.7865499914208,New
242,32,147134,9.016312376168688,convenience_driven,evening,2024-06-06 12:15:50.736979,1033.7347235748719,0.9363682030916978,True,True,0,176,1215.7095237514259,Champions
243,33,81106,0.723839895841065,coffee_enthusiast,morning,2024-09-27 12:15:50.737001,957.239854368196,0.49156695988732724,True,False,1,159,1049.9387085722408,Regular
244,74,34724,0.32195375842990454,coffee_enthusiast,afternoon,2024-06-06 12:15:50.737023,3240.6926835372965,0.5193265734118349,True,True,1,184,1258.754895492948,Champions
245,56,106758,7.996650953470505,budget_minded,evening,2025-01-18 12:15:50.737045,2339.8978653871773,0.34610868980563014,False,True,4,154,1100.3424284353025,New
246,31,47164,7.920866672781381,budget_minded,afternoon,2023-09-30 12:15:50.737067,4368.579189967001,0.8771427390943896,True,True,0,153,1036.481950215043,New
247,52,88879,2.1354197965374135,sporadic,morning,2023-10-25 12:15:50.737088,308.119731272766,0.9786320624920546,True,True,0,169,1158.3310584634698,Champions
248,34,129824,6.763049526066383,convenience_driven,morning,2025-01-17 12:15:50.737110,4689.2262383557945,0.2201621059205746,True,True,3,150,989.391673418683,At Risk
249,54,54220,2.5556685202080067,coffee_enthusiast,evening,2024-07-22 12:15:50.737132,2759.4694243326026,0.45810888781026227,True,True,0,158,1095.877299179864,New
250,63,37610,9.835471184486455,social_butterfly,afternoon,2025-05-30 12:15:50.737154,3395.109936237713,0.6707809955896619,False,True,6,161,1048.473318849929,New
251,61,95677,5.045315725347796,social_butterfly,morning,2025-04-09 12:15:50.737176,2549.2339323102315,0.4116002243872937,True,False,2,136,926.9333320650052,New
252,18,143334,4.503372165551784,budget_minded,afternoon,2023-09-18 12:15:50.737198,4394.02585692106,0.10820888204108414,False,False,0,154,1087.4023005578108,New
253,42,139431,4.470316100779488,convenience_driven,evening,2024-03-08 12:15:50.737220,689.5456631870237,0.872752370681335,True,False,10,157,1123.486732366383,New
254,56,109560,3.8941958871715943,social_butterfly,morning,2025-03-24 12:15:50.737241,1408.8598036466497,0.9836107007303897,True,True,0,158,1024.9635420300526,Regular
255,54,92495,5.396295444564728,convenience_driven,afternoon,2024-09-24 12:15:50.737263,2628.8064402117866,0.8229381028923638,True,True,0,168,1220.8078653657508,Champions
256,64,56182,9.342237931286409,convenience_driven,evening,2025-03-16 12:15:50.737285,3536.8873450675137,0.7676788548731321,True,False,0,136,855.142546947424,New
257,50,135415,0.7316538726986902,social_butterfly,evening,2024-05-09 12:15:50.737307,3388.0635455734705,0.05060538338806586,False,True,0,147,1017.8577065157947,New
258,36,112353,8.589602494192945,social_butterfly,evening,2024-07-13 12:15:50.737329,3745.6349772061053,0.12556546385202694,True,False,1,159,1092.7642113710526,New
259,73,122011,4.675583265399749,sporadic,afternoon,2024-12-20 12:15:50.737350,484.01613119082543,0.18902874758563515,True,True,0,193,1333.3017857161317,Champions
260,23,146886,1.9843834641260032,social_butterfly,afternoon,2024-04-03 12:15:50.737372,4736.591498528505,0.01985242451555247,True,False,2,154,1070.9690301317708,New
261,31,59620,1.1714507410725894,budget_minded,evening,2025-08-08 12:15:50.737394,4382.169802879202,0.34338316948481495,True,True,0,148,1174.19013342536,New
262,70,73830,3.601825002293344,social_butterfly,morning,2024-04-15 12:15:50.737416,987.8702757463138,0.1554917207358265,True,True,0,160,1008.6860780340562,New
263,69,90642,5.090371227244986,social_butterfly,evening,2025-04-20 12:15:50.737438,488.8216322642982,0.7313586222957663,True,True,0,141,981.322268964923,New
264,31,63005,4.976985506016407,health_conscious,morning,2025-08-14 12:15:50.737459,696.0202585725287,0.7897582617547724,False,False,1,160,1057.5731531219387,Regular
265,18,84550,8.227337930722392,health_conscious,evening,2025-05-17 12:15:50.737481,725.8375694781784,0.8480734633405576,True,True,0,163,1071.6279149538673,Loyal
266,20,55895,1.4723286684718218,coffee_enthusiast,evening,2024-07-16 12:15:50.737503,3740.892395513653,0.7641220975245578,False,False,2,157,986.9140785867371,New
267,48,99830,1.2504202874266221,convenience_driven,afternoon,2024-09-10 12:15:50.737525,4547.084548999617,0.47087671847890344,True,False,2,161,1035.4625733250323,New
268,31,70076,5.552118810818425,sporadic,morning,2025-01-07 12:15:50.737547,2197.799105567657,0.34074128117882174,True,False,2,168,1168.9739424032834,Loyal
269,49,139759,4.048136550690653,health_conscious,evening,2023-12-13 12:15:50.737569,2370.3353254096037,0.6136423611877826,True,True,3,168,1197.9104222828284,Loyal
270,42,99507,3.7569700647260205,social_butterfly,afternoon,2023-12-22 12:15:50.737591,1569.5704375674259,0.819170741919438,True,False,1,159,1152.936057512861,Regular
271,24,110157,7.842843209754235,health_conscious,afternoon,2025-06-21 12:15:50.737613,1169.008128692309,0.379257092670216,True,True,1,176,1227.7099001416348,Champions
272,67,137253,1.3463368438361334,budget_minded,evening,2023-12-24 12:15:50.737636,4247.746288421283,0.6905837117127357,False,True,1,164,1163.9829534047747,Champions
273,73,76455,2.83057786998434,coffee_enthusiast,morning,2024-12-07 12:15:50.737658,294.7491300626087,0.10276916003342462,False,False,0,172,1154.7117827971304,Champions
274,35,29924,7.062389931947497,convenience_driven,afternoon,2023-10-13 12:15:50.737680,1067.6590258217095,0.9943694529483247,False,False,1,167,1227.237558924864,Champions
275,71,62917,9.472598935531456,social_butterfly,afternoon,2025-09-04 12:15:50.737702,2067.4294050437557,0.8151421771285549,True,True,0,141,907.366400214727,New
276,18,47607,5.886843632376837,budget_minded,morning,2023-12-04 12:15:50.737723,3135.8784489904665,0.27288657433456054,True,False,0,158,1130.131109294238,Regular
277,42,115154,0.6549442672115418,coffee_enthusiast,evening,2024-01-30 12:15:50.737745,543.9139114960423,0.4921985203291014,True,True,8,133,991.9170625081366,New
278,35,97234,6.735978814798321,social_butterfly,morning,2023-12-18 12:15:50.737767,930.8490862244762,0.6455509352888361,False,True,0,159,1159.9498646781271,Regular
279,36,25616,6.767191107471191,social_butterfly,afternoon,2024-03-15 12:15:50.737789,1643.6830181445425,0.4256781782538501,False,True,0,144,1004.6776084281541,New
280,73,33435,4.2191830545956535,convenience_driven,afternoon,2025-02-28 12:15:50.737811,4318.351632442419,0.31572024603782234,True,False,1,159,1137.7491316950936,Regular
281,32,129704,5.302490810290798,health_conscious,afternoon,2024-02-26 12:15:50.737833,4687.661137203409,0.525388858076209,False,False,0,151,1055.8026890246229,New
282,57,73895,7.796737459888046,sporadic,afternoon,2025-08-21 12:15:50.737854,780.1889230481053,0.9051265105508185,True,False,3,184,1255.5796968473387,Loyal
283,24,59104,3.622197857987811,sporadic,evening,2024-05-03 12:15:50.737876,1078.551518329705,0.7877656481678204,False,False,4,153,1093.7594719581382,New
284,69,58989,7.749332017546409,budget_minded,afternoon,2025-01-16 12:15:50.737898,3744.48129919654,0.9007017744359601,True,True,2,137,950.5691945512403,New
285,59,34470,4.726305961834919,sporadic,evening,2023-10-24 12:15:50.737920,341.2482863719023,0.898980210323137,True,False,0,144,998.8412974112422,New
286,44,36474,5.493625150680642,coffee_enthusiast,evening,2024-07-04 12:15:50.737941,907.1152887126532,0.480572781362814,True,False,0,173,1238.9900255367443,Champions
287,37,54094,3.250708590341334,health_conscious,evening,2024-04-22 12:15:50.737963,2373.040691142774,0.2874642375372124,False,True,0,170,1141.9875926692862,Champions
288,58,26687,7.386608691716616,sporadic,morning,2025-01-05 12:15:50.737985,4284.342175912155,0.6151624263404121,True,False,6,191,1387.726147111019,New
289,73,115240,4.730005538546572,health_conscious,afternoon,2025-01-29 12:15:50.738007,1384.9801192218497,0.03742105263861695,True,False,3,150,1099.2992557574164,New
290,73,112508,8.532430379420973,sporadic,morning,2024-09-03 12:15:50.738028,3650.7983776913375,0.8217667280783267,False,False,0,162,1104.6706433058985,New
291,63,59070,0.8714885276649017,coffee_enthusiast,afternoon,2023-09-27 12:15:50.738050,3136.8156486268194,0.33415985944656224,True,True,11,167,1059.8416158117104,New
292,26,105377,1.2901748576416951,sporadic,evening,2024-12-04 12:15:50.738072,2704.5160613323046,0.30834751386253323,True,True,0,147,1062.1763054924347,New
293,45,95819,1.5490213159907686,budget_minded,evening,2023-12-06 12:15:50.738093,2157.042736359374,0.9866219255762608,True,False,8,178,1263.1730847018707,New
294,48,127922,2.5458531809136975,sporadic,morning,2023-11-05 12:15:50.738115,4714.467899794069,0.31586207962665014,False,True,2,145,1005.5132180213546,New
295,41,73445,7.735449196129465,convenience_driven,evening,2024-09-28 12:15:50.738137,3073.232105134056,0.5698518710527235,True,True,2,159,1089.0250977784146,New
296,37,134825,5.363287735239294,health_conscious,afternoon,2024-01-03 12:15:50.738158,1131.7584338327729,0.043062947835476706,False,False,0,157,1079.8867201044081,New
297,58,95074,1.8255746165065412,convenience_driven,afternoon,2024-01-09 12:15:50.738180,4976.8108919492615,0.07841083439930241,False,True,1,176,1291.702236500813,Champions
298,53,89566,4.017644170732389,social_butterfly,evening,2024-09-11 12:15:50.738202,4012.6743129461515,0.3006629451673888,True,False,0,163,1180.083782468987,Champions
299,60,63022,7.716894743864143,social_butterfly,evening,2024-12-05 12:15:50.738224,4498.805239214834,0.09372469617359824,False,False,0,168,1164.4334905538367,Champions
300,66,146412,4.044006296968782,social_butterfly,afternoon,2024-01-22 12:15:50.738246,603.0672958853046,0.519139327748051,True,False,1,155,1021.7744808390319,New
301,68,25752,4.273826030235943,coffee_enthusiast,afternoon,2024-05-18 12:15:50.738267,3669.410370590742,0.8389402653944682,False,False,0,156,1087.7136788747434,New
302,20,138514,7.1446044163961,health_conscious,evening,2023-09-21 12:15:50.738289,2647.5253130006486,0.6932969615514055,False,False,0,164,1086.7843188914987,Loyal
303,56,111479,8.162441582504883,health_conscious,morning,2025-02-04 12:15:50.738311,2402.0782747970616,0.9820656873331117,True,True,0,160,1156.4214067184173,Regular
304,43,28500,4.235915602943029,health_conscious,morning,2024-06-19 12:15:50.738333,1054.3447525562465,0.2053195492566834,False,True,0,157,1040.561566746238,Regular
305,50,73835,4.302610588643037,coffee_enthusiast,afternoon,2024-02-28 12:15:50.738355,2922.6410180289954,0.4939995326619554,True,True,6,172,1151.977628956078,New
306,40,59140,2.1643192320661533,sporadic,afternoon,2023-11-11 12:15:50.738377,1858.7467755691507,0.8798500586783874,False,False,2,168,1178.9542991701205,Loyal
307,72,102110,9.493565764572928,coffee_enthusiast,morning,2025-03-28 12:15:50.738398,4790.0205563561985,0.9622632308715009,True,True,4,153,985.4900806922843,At Risk
308,24,97357,7.018009857680787,convenience_driven,morning,2024-08-14 12:15:50.738420,77.00766578055386,0.8009532411561021,True,True,0,163,1100.348776447229,Loyal
309,22,72594,8.24214614759773,social_butterfly,evening,2024-06-06 12:15:50.738442,3019.4715867526293,0.7960394359883324,True,False,0,150,1026.285420105791,New
310,52,117904,6.983334708976558,convenience_driven,evening,2024-12-20 12:15:50.738464,2047.9563160088449,0.9081496002904902,False,True,1,151,1049.5066890539183,New
311,59,40991,3.2402112333339543,convenience_driven,evening,2024-08-08 12:15:50.738486,305.84434585805326,0.9358267871500218,True,False,1,171,1205.1957908680663,Champions
312,62,65866,1.5273623388874518,coffee_enthusiast,afternoon,2023-11-29 12:15:50.738510,1473.6929294427357,0.8290651438460548,True,True,2,172,1161.9039644317868,Champions
313,19,118829,8.987756971005911,sporadic,afternoon,2025-02-15 12:15:50.738532,2566.876372539761,0.6536977419314492,True,True,2,165,1161.397164247685,Loyal
314,46,28802,7.859673155708475,coffee_enthusiast,afternoon,2024-08-24 12:15:50.738554,4544.166458959323,0.5762098707197981,False,False,0,172,1158.7366507166048,Champions
315,52,41643,4.472196389019202,convenience_driven,evening,2025-06-28 12:15:50.738576,1633.008999827661,0.2564212645553191,True,True,2,152,1086.87679958698,New
316,37,31889,3.225018393638882,coffee_enthusiast,afternoon,2024-05-07 12:15:50.738598,3493.256098400866,0.015098496031645148,True,True,0,142,941.2044808665041,New
317,69,34422,7.687510510538792,sporadic,evening,2024-05-22 12:15:50.738620,4210.991168160201,0.6632072386895707,True,False,2,156,1150.8647151778005,New
318,59,108112,0.40633542397033573,coffee_enthusiast,evening,2025-07-19 12:15:50.738642,3612.3317483400883,0.057797677551961746,False,False,4,157,1072.4353803561075,New
319,25,110352,4.717713527200307,health_conscious,morning,2024-03-02 12:15:50.738664,2240.904347056882,0.3404865558114136,True,True,4,143,1011.7615251664631,New
320,61,145316,3.334204377515604,coffee_enthusiast,morning,2023-10-07 12:15:50.738690,1985.191577720296,0.9385901608263035,True,False,0,138,1026.6588701180633,New
321,68,135007,1.3482856491258157,budget_minded,morning,2024-12-18 12:15:50.738711,4966.224812219593,0.6994493399162351,False,True,0,168,1227.779300905191,Champions
322,24,144465,9.796896210988864,convenience_driven,morning,2024-08-13 12:15:50.738733,1024.2114628973998,0.7800545957473366,True,True,0,186,1338.9700186637037,Champions
323,19,95029,9.497734201254243,convenience_driven,afternoon,2025-05-09 12:15:50.738755,3375.996415278183,0.5561618140428216,True,True,2,157,1051.0416449158947,New
324,31,70042,8.784043188120913,convenience_driven,afternoon,2024-08-25 12:15:50.738777,304.9518513860791,0.033180542276706526,True,True,4,171,1206.3918413614929,New
325,57,66739,1.123076599587527,budget_minded,morning,2025-04-10 12:15:50.738798,2854.306857608906,0.32253720912470163,False,False,0,163,1085.864796211717,Loyal
326,35,74954,5.994632400800435,sporadic,evening,2024-08-03 12:15:50.738820,852.170412245614,0.34447454905376174,True,True,0,157,1095.3272412357032,New
327,60,118737,1.132158409919483,social_butterfly,morning,2024-06-05 12:15:50.738846,1159.1323355698514,0.5366721065688407,True,False,0,167,1191.6917116403436,Champions
328,66,42146,0.2724224283101991,budget_minded,afternoon,2023-12-09 12:15:50.738868,3776.4572400863017,0.934187381849721,False,False,0,164,1124.1454677627642,Champions
329,30,120495,7.467387370616574,health_conscious,morning,2023-10-09 12:15:50.738890,509.2750731812039,0.8095549960209291,True,True,4,183,1248.7792763660661,New
330,59,114967,5.459341297479287,convenience_driven,afternoon,2025-04-16 12:15:50.738912,3152.6463791918727,0.8912905536708873,True,True,3,192,1337.0945154012898,Loyal
331,27,41502,8.840701271364301,coffee_enthusiast,morning,2023-10-31 12:15:50.738933,1927.8920923001644,0.8904722791955365,True,True,1,162,1115.2228146812051,New
332,42,54932,5.200006193135286,sporadic,evening,2025-03-22 12:15:50.738955,2365.306193002776,0.9187980824644614,True,False,0,145,1010.0696501994828,New
333,51,51756,3.554171895060601,convenience_driven,afternoon,2023-11-29 12:15:50.738977,4323.033069967653,0.968837706758433,False,True,0,159,1124.5405181356514,Regular
334,59,126591,3.886794907473548,coffee_enthusiast,morning,2024-09-21 12:15:50.738999,4860.60763847415,0.20986768271533351,True,False,2,161,1190.203431299727,Regular
335,51,26408,3.722968141036578,budget_minded,afternoon,2024-05-18 12:15:50.739020,4462.043582047742,0.04462543637493488,False,True,1,182,1248.927017583124,Champions
336,70,104785,7.943879187766389,sporadic,afternoon,2023-09-15 12:15:50.739042,772.2609160231358,0.5463684608131204,True,False,1,161,1090.4329058005746,New
337,66,47726,5.250908258129094,budget_minded,evening,2023-10-29 12:15:50.739064,3964.6628230965907,0.11213243780843696,False,False,1,160,1193.289714015656,Regular
338,53,129990,9.634867700380907,convenience_driven,morning,2025-02-01 12:15:50.739085,2414.967081624903,0.7284916026329981,True,True,0,150,1088.5670991763857,New
339,49,113917,4.596438111550052,convenience_driven,morning,2023-11-21 12:15:50.739107,2409.9218894827263,0.648294078277605,False,True,4,165,1154.2121970234653,New
340,38,58889,3.6382441287019036,convenience_driven,evening,2024-05-22 12:15:50.739129,4956.696598638294,0.5469870684355116,True,False,0,164,1129.375094918866,Champions
341,22,81417,1.309785968469052,coffee_enthusiast,evening,2024-04-21 12:15:50.739153,2569.2526054051746,0.5312289901692834,True,True,2,163,1107.2305385170837,Regular
342,47,71251,6.271905754910028,convenience_driven,morning,2023-10-04 12:15:50.739175,796.6697250209967,0.09307925271384232,True,True,5,145,971.6329317142828,New
343,44,36275,7.388507467493529,health_conscious,morning,2025-08-06 12:15:50.739197,1020.9166843063422,0.3989746013191694,True,True,0,165,1102.8677629006233,Loyal
344,36,73265,4.372839833599817,social_butterfly,morning,2024-06-19 12:15:50.739218,4220.357724320126,0.43110913393922534,True,False,2,169,1214.1028756700216,Champions
345,51,149845,0.1137668968817937,social_butterfly,morning,2024-05-16 12:15:50.739240,739.6039233443078,0.5934629236840214,False,True,0,158,1110.9062440885104,New
346,24,67734,8.313118740570705,sporadic,morning,2025-06-08 12:15:50.739261,1668.1183730627301,0.8174285887028788,True,True,1,154,1082.3092464493086,New
347,38,146053,6.326834040065147,sporadic,evening,2024-11-05 12:15:50.739283,2206.410614226828,0.43684951108253944,True,False,1,151,1015.9141462406456,New
348,34,127550,6.029843395607256,health_conscious,morning,2025-01-28 12:15:50.739305,3923.3699859224607,0.24592346068637738,True,False,1,144,975.9942464411829,New
349,29,147391,8.550335475278569,health_conscious,evening,2025-07-11 12:15:50.739326,4676.196114545656,0.8672157749051387,False,False,4,178,1301.711744371325,New
350,31,77911,3.2054627860520983,coffee_enthusiast,morning,2023-09-15 12:15:50.739348,1990.4864876259924,0.0678776031276257,True,True,1,149,1004.4922609284023,New
351,51,54140,7.015232043100163,sporadic,evening,2024-05-05 12:15:50.739370,1442.1614327144448,0.9537492179253843,True,False,5,162,1040.051611428208,New
352,51,36915,6.514214763511996,convenience_driven,morning,2025-06-10 12:15:50.739393,3480.074851791621,0.6618413518353772,True,False,2,159,1042.6568657869543,New
353,47,123230,6.471594124041955,convenience_driven,evening,2025-05-09 12:15:50.739415,4310.067908842008,0.2549797576130991,True,False,0,179,1248.0020817175393,Champions
354,49,42689,7.95857833402725,health_conscious,morning,2024-04-20 12:15:50.739437,2027.2001222807173,0.9320373569628254,False,True,0,174,1247.6381337078683,Champions
355,43,62309,1.6969503196185016,coffee_enthusiast,morning,2023-12-31 12:15:50.739462,4731.853419441748,0.7479222569298047,True,False,2,158,1019.3196004911806,New
356,38,119952,5.609412895529411,budget_minded,evening,2025-06-15 12:15:50.739481,4043.3551718938947,0.4175086808502738,True,True,0,171,1216.921340011289,Champions
357,40,94002,7.180728515822214,sporadic,afternoon,2024-10-07 12:15:50.739499,1268.6955636967236,0.2045438566850598,True,True,1,170,1234.038706641986,Champions
358,41,98423,3.9996109565550753,budget_minded,afternoon,2023-09-22 12:15:50.739518,1441.1348063734406,0.6642892119880968,False,True,0,163,1119.4139101001165,Loyal
359,42,113556,4.237915951891658,sporadic,evening,2025-05-29 12:15:50.739536,570.1220920835057,0.7018124710345488,True,True,0,146,1025.3134683482913,New
360,49,142123,3.13715304889465,convenience_driven,morning,2023-11-14 12:15:50.739555,3647.2346335346574,0.290612419263239,True,True,0,166,1181.806819953872,Champions
361,50,121204,7.250452135098606,social_butterfly,morning,2025-03-23 12:15:50.739574,3369.106598578248,0.5261892359956396,False,True,1,173,1122.578086086548,Champions
362,39,138582,8.569670685433158,social_butterfly,morning,2024-11-14 12:15:50.739592,4279.328405913459,0.7069293295356354,False,True,0,165,1141.4231838544497,Champions
363,46,26968,4.596514557412231,sporadic,afternoon,2023-09-07 12:15:50.739611,2377.9380866666306,0.9615434713009642,True,True,2,158,1130.7365783397966,Regular
364,38,89334,5.100636241109026,sporadic,morning,2024-04-24 12:15:50.739629,2315.239808651711,0.10463569832397257,False,False,3,158,1025.792244620367,New
365,59,76872,4.982930813492201,budget_minded,afternoon,2024-02-24 12:15:50.739648,2912.272636840736,0.09442174431273498,True,False,2,162,1235.005870800773,Loyal
366,66,64629,3.7215346109692726,health_conscious,morning,2025-06-13 12:15:50.739667,4578.9172278445585,0.04320588675179815,False,False,4,160,1029.0799917088277,New
367,63,82881,3.247835796634742,social_butterfly,morning,2024-05-26 12:15:50.739685,1159.9116914970932,0.37993280724537926,True,True,1,140,1009.1050103776266,New
368,72,48978,6.455940693930084,convenience_driven,afternoon,2024-09-06 12:15:50.739704,3380.153828393259,0.2246577649118786,True,False,3,153,1033.9607166138276,New
369,55,108678,3.23642775435272,convenience_driven,evening,2024-01-30 12:15:50.739722,2525.700007141003,0.12905474285232543,True,False,0,151,1030.9257281842647,New
370,59,83004,2.6587147045836463,coffee_enthusiast,morning,2025-02-27 12:15:50.739741,4752.915968453201,0.1981370752095888,False,True,1,184,1346.1368622758425,Champions
371,39,70431,6.241405989636137,social_butterfly,evening,2023-09-21 12:15:50.739759,1569.2480891740327,0.8843519879267615,True,False,0,178,1236.1494583067185,Champions
372,73,138083,3.2464710876112277,budget_minded,evening,2024-06-29 12:15:50.739778,1895.6593256216959,0.9275334935550001,True,True,1,163,1066.8261421736822,New
373,37,85202,8.652948812615119,social_butterfly,afternoon,2024-12-14 12:15:50.739796,86.06397840013057,0.8752808286194981,False,True,2,180,1309.9967368705607,Champions
374,46,97445,5.6551171809312475,social_butterfly,morning,2024-01-07 12:15:50.739814,3310.128884902943,0.2617604975988538,True,True,0,175,1206.4160169830868,Champions
375,31,54604,2.234041890951361,budget_minded,morning,2023-12-11 12:15:50.739833,4965.785515789839,0.6466989345277995,True,True,0,179,1256.5019718359224,Champions
376,27,65639,8.332822368710728,health_conscious,evening,2025-08-19 12:15:50.739852,516.9713306262364,0.6593909572350648,True,False,2,161,1058.1148847159445,New
377,26,99792,0.17948076422902448,convenience_driven,morning,2024-05-07 12:15:50.739870,1390.5235541195198,0.3373441770087695,True,False,2,169,1215.1562178938113,Champions
378,47,87374,3.739972451578402,sporadic,afternoon,2024-10-26 12:15:50.739889,2849.627970201938,0.1687322430171272,True,True,3,156,1031.9994004113553,New
379,55,117803,4.266803143655783,sporadic,morning,2024-12-24 12:15:50.739907,3278.1877189512875,0.4910674797334895,True,True,1,146,1002.5336666979914,New
380,31,84353,3.952463468053239,budget_minded,afternoon,2024-11-25 12:15:50.739926,3460.7626786992378,0.22618079912090927,False,True,2,168,1088.472062320196,Regular
381,25,102964,8.714929643243103,sporadic,afternoon,2024-03-12 12:15:50.739944,2687.2428827692265,0.2885510610266572,False,False,9,163,1100.2140083615734,New
382,70,105383,5.2246992941502235,social_butterfly,evening,2023-10-01 12:15:50.739963,3421.08192613499,0.8442924022202797,True,True,6,144,949.6763349862894,New
383,35,108761,0.33954714872921943,health_conscious,evening,2024-06-14 12:15:50.739981,3511.3428580362033,0.6572643810749035,True,False,2,163,1142.8118546759745,Loyal
384,52,36755,6.727883570559527,budget_minded,morning,2023-09-21 12:15:50.740000,3609.666734800848,0.5080058929674329,False,False,2,145,1048.065844491671,New
385,51,74616,8.913336937394723,convenience_driven,morning,2024-06-24 12:15:50.740018,885.2091136998658,0.013993731068646764,True,False,1,164,1141.444042636583,Champions
386,56,79614,3.5152520833264367,coffee_enthusiast,afternoon,2025-02-09 12:15:50.740037,2066.1395133278584,0.20898774483984528,True,True,3,176,1136.2130551929886,Loyal
387,27,69855,5.9693600860248335,coffee_enthusiast,afternoon,2024-06-28 12:15:50.740056,1450.9049587959805,0.5675633820380245,False,False,3,170,1131.8552844465955,Loyal
388,38,85242,9.658286984657902,social_butterfly,evening,2024-01-05 12:15:50.740074,3746.4042037508902,0.44558732188537065,False,False,2,157,1104.2964121067562,New
389,21,32862,8.399637348710073,sporadic,afternoon,2025-07-29 12:15:50.740092,3840.316268432057,0.20302261120464304,True,True,0,149,1017.9273184621818,New
390,22,102318,4.660741669375994,health_conscious,morning,2025-03-25 12:15:50.740111,3729.3854932399345,0.08960693718906598,True,False,1,165,1167.8031555333932,Champions
391,72,30026,9.357714225379112,sporadic,morning,2025-06-16 12:15:50.740129,2329.4265358888015,0.4797894618868972,False,True,3,162,1098.491587109454,New
392,21,25942,1.0003664562047996,convenience_driven,evening,2025-03-28 12:15:50.740152,4124.9573037205355,0.3988327402856664,True,True,5,180,1182.9444952204767,New
393,36,120073,2.202348074906696,health_conscious,afternoon,2024-01-04 12:15:50.740171,1418.1455202537084,0.9466914488431047,False,True,2,188,1228.031173254451,Champions
394,66,141498,7.800622449246742,coffee_enthusiast,morning,2023-10-03 12:15:50.740189,1865.0881143763543,0.9145257326128435,True,True,5,159,1052.6284072140922,New
395,49,74233,2.975460094458028,social_butterfly,morning,2023-12-05 12:15:50.740208,2505.2917574244175,0.31948765881971963,False,False,1,169,1144.825133513583,Champions
396,57,124810,5.181508069532422,coffee_enthusiast,evening,2024-09-09 12:15:50.740226,3337.9756303981517,0.01934278250627519,True,False,3,171,1157.0181646665246,Loyal
397,20,97764,4.884082468644268,social_butterfly,morning,2024-11-09 12:15:50.740245,3245.426035619747,0.4065652518387276,True,False,3,149,977.5181824026938,At Risk
398,53,145388,5.7934556446025685,social_butterfly,evening,2023-11-17 12:15:50.740263,648.4042192631023,0.2838559665267356,True,False,4,168,1165.9331085801855,New
399,41,79092,7.4054975464645425,coffee_enthusiast,afternoon,2024-12-13 12:15:50.740282,3545.0095216848176,0.22337822257087958,True,False,0,179,1182.8889563084447,Champions
400,45,115481,7.998337372114864,budget_minded,morning,2023-10-17 12:15:50.740300,1088.8872638272462,0.9506746569067555,True,False,8,160,1148.9464138828262,New
401,23,134293,6.657461318716088,social_butterfly,afternoon,2025-06-13 12:15:50.740319,2947.123323115827,0.7693764390674422,True,True,0,152,997.0042657841987,New
402,67,75456,0.8157110015315382,health_conscious,afternoon,2025-03-03 12:15:50.740337,1316.0744908966758,0.8642363574359072,True,True,1,156,1022.5450317717152,New
403,20,145778,1.9390715721547223,social_butterfly,afternoon,2025-09-01 12:15:50.740356,3082.320992439274,0.17541993660192112,True,True,1,154,1091.2186438900453,New
404,42,77311,0.4138016471192176,budget_minded,afternoon,2024-04-14 12:15:50.740374,2011.8089720955861,0.3303214954310145,True,False,6,152,1020.1254588044135,New
405,33,32294,2.1415109048699232,convenience_driven,morning,2025-07-25 12:15:50.740393,1219.7833340359753,0.6863658538319358,True,True,0,143,1029.7257878855282,New
406,30,129732,2.7933647567497473,convenience_driven,afternoon,2025-01-20 12:15:50.740413,1111.3035561016818,0.3981257394874226,True,False,4,148,1063.265904914907,New
407,21,87639,6.766786202204125,convenience_driven,evening,2024-08-07 12:15:50.740433,479.0751266738145,0.3781680190220459,True,False,1,154,1066.4531378812783,New
408,23,145466,5.224493052359827,social_butterfly,afternoon,2024-04-21 12:15:50.740454,1629.0203592055634,0.854561468605219,True,False,0,159,1082.7228289300172,New
409,23,96618,8.338703377610122,health_conscious,afternoon,2023-12-02 12:15:50.740475,2648.6003050438876,0.3352104725370203,True,False,2,193,1380.0485324549632,Champions
410,37,88241,9.633612657186065,budget_minded,morning,2025-03-04 12:15:50.740496,2205.2849678366556,0.7228364936895226,True,False,4,158,1091.6846856642069,New
411,20,54358,0.6991248493817056,convenience_driven,evening,2025-01-24 12:15:50.740516,750.1894191773778,0.7876259440220649,True,True,2,161,1079.7052949139018,New
412,18,52351,0.8584600624837876,budget_minded,morning,2023-12-05 12:15:50.740537,157.03855367442955,0.32580842135933574,False,False,3,166,1219.5684573511105,Loyal
413,74,124346,9.711434842172373,convenience_driven,morning,2025-01-24 12:15:50.740558,2215.9077344057773,0.29936611837630045,True,False,4,158,1078.8455134825645,New
414,65,53724,3.2006752058154455,budget_minded,morning,2023-10-29 12:15:50.740578,124.39168306132844,0.6575724616427165,True,False,2,157,1127.7019174485317,Regular
415,19,145065,7.672786586254033,health_conscious,afternoon,2025-01-28 12:15:50.740599,279.16110794067106,0.23513952051934894,True,False,0,149,1026.6484830399477,New
416,57,58900,9.251060201269446,coffee_enthusiast,morning,2023-09-08 12:15:50.740620,916.4144532635999,0.5084086526364063,True,False,0,162,1030.1818358549729,Regular
417,41,118100,7.9577823384974975,social_butterfly,afternoon,2025-01-13 12:15:50.740645,1145.7181067279953,0.7261085375618319,True,False,0,146,1028.3091508832756,New
418,55,114767,3.8758723820190593,social_butterfly,morning,2024-12-25 12:15:50.740666,2859.8101396296875,0.45386388877950234,True,True,0,192,1316.3416783750993,Champions
419,30,142161,9.885511333306455,coffee_enthusiast,evening,2023-10-20 12:15:50.740686,332.4083689524776,0.8921510351945515,True,False,0,166,1078.2670838847907,Loyal
420,18,41238,4.400188339548139,convenience_driven,evening,2025-08-08 12:15:50.740707,1029.478255615045,0.43550545404475427,True,False,0,163,1148.4542688603613,Champions
421,59,106202,2.1349961960801895,convenience_driven,morning,2023-10-22 12:15:50.740728,1492.674648492891,0.023583911317486828,True,True,4,179,1238.8399297709716,New
422,41,137880,0.7218297319149994,social_butterfly,evening,2024-10-13 12:15:50.740748,1291.820618879162,0.8642054514438745,True,False,7,168,1106.0954436755196,New
423,44,114892,1.8073136334189401,budget_minded,evening,2025-05-21 12:15:50.740767,1200.476186461975,0.1288004905155561,True,True,0,159,1183.5968433040293,Regular
424,49,36517,7.714448768469037,sporadic,afternoon,2025-02-04 12:15:50.740786,1803.7745484221023,0.4240868743406825,True,True,6,151,957.5132759972403,At Risk
425,45,72920,9.13755520442021,coffee_enthusiast,afternoon,2024-09-02 12:15:50.740804,1419.956138259253,0.6934764686114594,True,True,9,153,1009.1716746269645,At Risk
426,53,135981,1.089917455703455,convenience_driven,evening,2025-03-19 12:15:50.740823,2199.8361527784614,0.4170528683402105,True,True,3,152,1023.7440805056551,New
427,52,66174,5.089897048279632,sporadic,afternoon,2024-05-06 12:15:50.740841,1397.9239881373085,0.09717442640760643,False,True,0,173,1233.4139954560367,Champions
428,38,66243,3.422670230541841,sporadic,morning,2024-01-26 12:15:50.740860,2821.331120491337,0.29419102850834733,False,True,0,163,1088.8912831293978,Loyal
429,31,67774,4.05313610756386,budget_minded,evening,2024-05-06 12:15:50.740878,3864.3891362279637,0.5562451138854665,True,False,4,166,1147.5588138028465,New
430,54,136691,8.660530032961583,coffee_enthusiast,morning,2024-05-13 12:15:50.740897,1746.08002624796,0.4781976853090195,False,False,1,183,1274.0741261220187,Champions
431,39,47602,1.4281071067976527,sporadic,afternoon,2025-01-29 12:15:50.740920,2044.5208531823191,0.2953538573633897,False,False,2,154,1055.1418515610546,New
432,65,149424,3.102920795113197,convenience_driven,morning,2024-07-07 12:15:50.740941,1664.0874117274368,0.9378606713162314,True,False,0,177,1220.7656695349372,Champions
433,24,75531,1.8781659862079958,social_butterfly,morning,2024-05-12 12:15:50.740960,2526.1929320116064,0.05658064010068642,False,False,1,184,1299.8565946363906,Champions
434,41,26474,1.9453855763786376,budget_minded,afternoon,2024-05-30 12:15:50.740979,4684.693912441339,0.48662131991747726,True,False,1,166,1230.5963809614316,Champions
435,20,37524,7.654096336549715,sporadic,afternoon,2024-02-14 12:15:50.740997,2878.5182079679107,0.14280459469919216,True,False,0,149,1036.7931431328414,New
436,37,138358,5.201804241297279,coffee_enthusiast,morning,2023-09-19 12:15:50.741016,670.9502992022765,0.5465453874096752,False,False,1,178,1236.756727766337,Champions
437,28,107266,2.8039351932315126,social_butterfly,evening,2025-07-06 12:15:50.741034,273.36970947455,0.502031999575016,True,True,3,169,1146.934833219681,Loyal
438,43,87419,6.0549310063150905,health_conscious,morning,2023-10-07 12:15:50.741053,4372.303076128432,0.15431948209735047,True,True,6,140,919.9556660404196,New
439,73,111994,9.398595342180165,convenience_driven,afternoon,2023-09-22 12:15:50.741074,4992.232104062191,0.3232101187615998,True,True,1,188,1255.4182691495064,Champions
440,53,145799,8.467897627522744,coffee_enthusiast,morning,2024-09-26 12:15:50.741094,2217.5506184797086,0.7518358184859938,False,True,7,151,1001.8063571202548,At Risk
441,37,97682,4.1311214461091055,budget_minded,evening,2023-10-29 12:15:50.741115,2572.998290854387,0.7383492723506823,True,False,6,164,1190.6347866256312,New
442,72,25617,7.02562476618521,social_butterfly,evening,2024-02-25 12:15:50.741136,137.8962120494308,0.5659212862499705,True,True,0,172,1171.6386214708,Champions
443,26,68554,5.507673154790292,coffee_enthusiast,evening,2025-03-17 12:15:50.741158,92.55883715051529,0.7525243578306464,False,True,0,144,906.1630452921326,New
444,26,112665,2.221442102424466,budget_minded,afternoon,2024-07-06 12:15:50.741179,4066.969334240162,0.5451647718379282,True,False,1,158,1015.9617293449218,New
445,74,136723,9.934693676776316,budget_minded,evening,2024-05-13 12:15:50.741200,4326.023402044564,0.6798502361881602,True,False,1,181,1381.8332610144641,Champions
446,44,103119,5.732839995392357,health_conscious,evening,2024-05-02 12:15:50.741220,181.26026820171938,0.19174697405369812,True,True,0,174,1166.9918196685235,Champions
447,18,82149,1.003254137391663,sporadic,evening,2023-10-12 12:15:50.741241,1241.5885233370009,0.732931891979533,True,False,0,153,1044.625004679024,New
448,18,61093,1.1578683790311273,social_butterfly,evening,2024-11-21 12:15:50.741261,4794.478480839921,0.929470481921865,True,False,1,144,1037.7903786423287,New
449,56,56384,8.875952709558257,coffee_enthusiast,afternoon,2024-09-22 12:15:50.741279,1290.1729083846337,0.3677121662783076,True,True,0,175,1216.9747710797776,Champions
450,72,46542,1.0568187688542494,social_butterfly,evening,2025-08-16 12:15:50.741298,491.10627096225954,0.5692155705465968,False,False,0,146,971.6545107858665,New
451,31,92733,9.802047034094919,health_conscious,morning,2025-06-09 12:15:50.741317,649.6434266396951,0.5624586827861073,True,True,1,165,1106.356603046026,Loyal
452,35,124356,1.017408396159846,sporadic,afternoon,2023-11-28 12:15:50.741335,329.15332306876064,0.49086633620847875,True,True,1,176,1151.7919352113495,Champions
453,19,32392,6.713427627089602,health_conscious,afternoon,2023-09-22 12:15:50.741353,789.856517560613,0.42585858753410755,True,True,3,180,1265.2569418933417,Loyal
454,30,145569,3.6553815354632344,convenience_driven,morning,2023-09-10 12:15:50.741372,4626.323604558352,0.3804813713623293,False,False,0,158,1104.7692914279137,New
455,33,124628,9.291260225501242,health_conscious,afternoon,2024-08-30 12:15:50.741390,371.19036012550805,0.4633067597173812,True,False,0,171,1212.6410761704888,Champions
456,62,85026,2.3604100882849215,health_conscious,afternoon,2025-06-06 12:15:50.741409,4604.264022638604,0.6952166531280478,False,True,0,170,1159.0513933383402,Champions
457,56,54741,9.851148471937588,coffee_enthusiast,afternoon,2024-09-28 12:15:50.741428,4878.443614258017,0.25984316701348886,True,False,1,159,1117.4970543806996,New
458,43,117725,3.4854616994713745,budget_minded,morning,2025-05-03 12:15:50.741453,3730.9065200589557,0.07042693630976693,False,True,5,155,1079.1710365700828,New
459,33,53870,8.106556250896329,health_conscious,afternoon,2024-11-08 12:15:50.741474,775.3225080304236,0.45334754433761526,True,False,1,165,1101.7203905097206,Loyal
460,41,79085,3.7038729004382707,coffee_enthusiast,afternoon,2024-03-03 12:15:50.741495,2041.4156870496797,0.7881597271185106,False,True,6,161,1085.2462586505128,New
461,55,57982,9.294476042527666,sporadic,morning,2023-11-10 12:15:50.741515,2297.32888978349,0.755570141304705,True,True,0,148,966.3077111908722,New
462,67,66190,9.035774907354865,budget_minded,morning,2025-01-14 12:15:50.741536,194.849543797494,0.49762246973365265,False,True,0,155,1085.7411917875104,New
463,48,96609,5.684437713378688,health_conscious,evening,2024-03-24 12:15:50.741557,260.3477000822466,0.176840341643681,True,True,0,144,1045.2512145896092,New
464,23,94982,4.525054023998067,budget_minded,afternoon,2025-02-09 12:15:50.741577,4338.016214615808,0.8987290772013569,True,True,2,164,1227.136598732484,Champions
465,24,34661,8.04364118303437,sporadic,morning,2024-01-01 12:15:50.741598,3223.430941549253,0.8161857957267806,True,True,0,166,1138.8153987148849,Champions
466,38,115999,2.5428495789756123,social_butterfly,evening,2023-12-13 12:15:50.741625,2288.558981957866,0.9187669539786308,True,True,0,175,1237.853719239213,Champions
467,49,32544,2.4061919746399507,budget_minded,evening,2023-10-29 12:15:50.741646,4703.334809523975,0.5702197510023236,True,True,5,175,1174.9403079620809,New
468,72,50981,1.1457939043302512,coffee_enthusiast,morning,2023-11-30 12:15:50.741666,2315.512331222323,0.8751009711431075,True,False,0,170,1180.575649194418,Champions
469,49,112871,2.6611528864240266,sporadic,evening,2025-05-03 12:15:50.741687,224.71404725519972,0.7813931288399236,True,True,0,171,1243.7347776798388,Champions
470,39,98175,0.45674868007974573,coffee_enthusiast,evening,2024-08-18 12:15:50.741707,3358.497893004413,0.2761436900011569,True,False,2,159,1078.798870279793,New
471,54,140277,2.230975645233993,convenience_driven,afternoon,2024-11-05 12:15:50.741728,506.20437910374244,0.13780154395983746,True,True,0,143,907.202219489802,New
472,36,95576,2.517333939523343,convenience_driven,evening,2025-06-19 12:15:50.741753,4736.141945061958,0.0020231437194836444,False,True,3,160,1067.7155641219915,New
473,58,97689,7.570175124618749,sporadic,morning,2023-10-24 12:15:50.741771,4869.554799030512,0.3622181462528611,False,False,1,156,1101.0239998051454,New
474,50,88950,3.135783160720866,social_butterfly,afternoon,2025-07-10 12:15:50.741790,3336.312000265501,0.011298693584037234,False,False,0,151,999.1393077387178,New
475,34,35292,3.8035823223300076,health_conscious,evening,2025-04-28 12:15:50.741808,3425.042255420493,0.05291568370261668,True,True,1,149,1069.4118411172205,New
476,72,58941,4.306573099033756,coffee_enthusiast,afternoon,2024-05-18 12:15:50.741827,3417.5813751878923,0.9919102431258053,True,False,1,155,1042.5432965607274,New
477,40,94950,4.896914374421383,coffee_enthusiast,afternoon,2024-12-18 12:15:50.741845,4256.310712456653,0.36611325749292867,False,True,2,147,1048.9122445857454,New
478,47,98909,9.116732538476812,health_conscious,morning,2024-01-30 12:15:50.741864,647.3914829650272,0.3833833484356267,True,True,7,159,1166.4399186788216,New
479,37,52649,7.896340524804009,health_conscious,morning,2024-09-09 12:15:50.741882,2881.434551592305,0.6528050535031951,True,True,0,174,1278.6493773041677,Champions
480,51,71691,6.5435713014874715,social_butterfly,evening,2025-06-12 12:15:50.741901,2728.7137944851584,0.4989114479095783,True,True,5,150,1033.8185087479283,New
481,62,84306,3.013151838966315,sporadic,evening,2024-10-23 12:15:50.741919,1811.1136346351718,0.6876329230849942,True,False,0,145,911.671308052344,New
482,26,67853,7.121411335243186,coffee_enthusiast,evening,2025-01-19 12:15:50.741938,147.79764252190233,0.45118519881974983,True,False,1,165,1126.0356998640377,Champions
483,42,135444,8.819165384029963,social_butterfly,evening,2024-01-12 12:15:50.741956,609.1886334418141,0.7908710530614488,True,False,3,141,963.8683229141527,New
484,67,101768,9.225254703237512,coffee_enthusiast,morning,2024-08-12 12:15:50.741975,4869.570259579157,0.760048273866984,True,True,0,166,1132.8470799161787,Champions
485,63,128494,6.887119101073685,budget_minded,afternoon,2024-12-08 12:15:50.741993,2636.6688246125163,0.40843802747777125,True,True,0,174,1153.252635262383,Champions
486,36,116410,9.80119691585064,convenience_driven,evening,2024-05-19 12:15:50.742012,2331.89128088654,0.1268843538315536,True,False,1,142,905.6620293488629,New
487,69,121872,2.240076914687234,social_butterfly,evening,2025-06-08 12:15:50.742033,1113.4340168979897,0.2761214710421396,False,True,6,160,1058.057543068774,New
488,37,131367,3.3808074029097557,health_conscious,evening,2024-05-09 12:15:50.742054,673.3617135665978,0.8771660318178974,True,False,3,151,1073.900124199696,New
489,20,104901,0.9981394279438895,budget_minded,morning,2025-05-19 12:15:50.742074,2693.7604387907945,0.6305355236687932,False,True,2,166,1162.0214784989373,Loyal
490,47,135282,4.8645659841992215,health_conscious,evening,2023-09-16 12:15:50.742095,3677.918912446654,0.024620213623416598,True,True,0,172,1116.3155443736136,New
491,18,77140,2.9901106790906735,health_conscious,morning,2023-11-26 12:15:50.742115,4792.183605199366,0.6071081748458194,True,False,2,155,1125.147537486594,New
492,61,86719,0.488393184308802,convenience_driven,afternoon,2023-11-21 12:15:50.742138,3297.243199877822,0.9047881266944838,True,True,2,165,1130.006471622743,Loyal
493,60,66086,8.626196592767371,budget_minded,morning,2025-07-30 12:15:50.742160,2502.9714121989323,0.7847787430480558,False,True,4,169,1159.585472451184,New
494,32,36726,0.9379489832035377,social_butterfly,morning,2025-02-04 12:15:50.742181,1794.2702359908383,0.8939323900980337,True,True,1,150,1073.7739942845092,New
495,38,35054,5.970742517124432,sporadic,afternoon,2025-07-26 12:15:50.742201,2413.360958361639,0.8923620200824264,True,False,2,156,1011.9164743520254,New
496,36,85311,2.943792151244929,budget_minded,evening,2025-01-11 12:15:50.742222,4281.716283273797,0.07625466333000941,False,False,1,153,1081.903145804231,New
497,55,39728,5.06591325382034,health_conscious,afternoon,2025-04-06 12:15:50.742243,700.200690681102,0.5537286834597047,False,False,4,181,1274.8624268448384,New
498,36,41407,4.4448496536949476,sporadic,morning,2024-03-28 12:15:50.742262,295.35774180662924,0.9947685959733443,True,False,2,161,1104.9148900722728,New
499,36,63741,3.6482580968511487,budget_minded,afternoon,2024-10-17 12:15:50.742281,4015.6823785826537,0.8989636004157439,True,True,4,152,1026.3923110999367,New
500,64,80234,5.672092277389964,health_conscious,morning,2023-10-07 12:15:50.742300,1712.359530998754,0.16356813881140697,True,True,0,174,1092.74053863261,New
